name,modifiedDate,createdDate,size,type
cat.jpg,1661985828.0845356,1661985828.0845356,103809,.jpg
img3.jpg,1661985828.0885355,1661985828.0885355,99881,.jpg
img1.jpg,1661985828.0845356,1661985828.0845356,75516,.jpg
helloWorld.txt,1661985828.0845356,1661985828.0845356,11,.txt
img2.jpg,1661985828.0845356,1661985828.0845356,99738,.jpg
nicepage.css,1661985828.0965357,1661985828.0965357,1285677,.css
rr.mp4,1661985828.1005356,1661985828.1005356,428512,.mp4
archive.zip,1661985828.0805357,1661985828.0805357,6951,.zip
coolWebsite.html,1661985828.0845356,1661985828.0845356,7705,.html
